{"schemaVersion":"1.0","appDefinitionTemplate":{"id":"/providers/Microsoft.PowerApps/apps/","type":"Microsoft.PowerApps/apps","tags":{"minimumRequiredApiVersion":"2.2.0"},"properties":{"appVersion":"2019-09-24T13:43:24Z","lifeCycleId":"Published","createdByClientVersion":{"major":3,"minor":19092,"build":12,"revision":0,"majorRevision":0,"minorRevision":0},"minClientVersion":{"major":3,"minor":19092,"build":12,"revision":0,"majorRevision":0,"minorRevision":0},"backgroundColor":"rgba(168, 36, 120, 1)","backgroundImageUri":"/3087798166738845100/N954435a1-68b1-4233-8e0d-c4b64a4a0568-logoSmallFile","displayName":"Organization Chart","description":"Who's who at NewWave?","commitMessage":"","appUris":{"documentUri":{"value":"/3087798166738845100/N3dabe0b7-bf46-40a9-b5fa-b3b8cf478858-document.msapp","readonlyValue":"/3087798166738845100/N3dabe0b7-bf46-40a9-b5fa-b3b8cf478858-document.msapp"},"imageUris":[]},"createdTime":"0001-01-01T00:00:00Z","lastModifiedTime":"0001-01-01T00:00:00Z","sharedGroupsCount":0,"sharedUsersCount":0,"icons":{"smallIconUri":"/3087798166738845100/N8a711a89-b4b6-46f8-a487-4039fa7d77a2-small.png","mediumIconUri":"/3087798166738845100/N7a46fd79-1a0f-451e-b1cd-85903d5453e9-medium.png","largeIconUri":"/3087798166738845100/N202c9511-0821-4159-90aa-5e860921a8bb-large.png","wideIconUri":"/3087798166738845100/N0ad66eb5-97f6-4082-85cf-7527329f03b8-wide.png"},"connectionReferences":{"db5ec8e2-0172-4da1-a106-dee89d163fc9":{"id":"019d1244-dec2-4a94-8eed-0dfbc3d13229","displayName":"Office 365 Users","iconUri":"https://connectoricons-prod.azureedge.net/office365users/icon_1.0.1243.1662.png","dataSources":["Office365Users","Office365Users_1"],"dependencies":[],"dependents":[],"parameterHints":{},"isOnPremiseConnection":false,"bypassConsent":true,"dataSets":{},"apiTier":"Standard","isCustomApiConnection":false}},"databaseReferences":{},"almMode":"Environment"},"appComponents":[]}}