{"schemaVersion":"1.0","appDefinitionTemplate":{"id":"/providers/Microsoft.PowerApps/apps/","type":"Microsoft.PowerApps/apps","tags":{"minimumRequiredApiVersion":"2.2.0"},"properties":{"appVersion":"2019-10-02T20:10:41Z","lifeCycleId":"Published","createdByClientVersion":{"major":3,"minor":19093,"build":16,"revision":0,"majorRevision":0,"minorRevision":0},"minClientVersion":{"major":3,"minor":19093,"build":16,"revision":0,"majorRevision":0,"minorRevision":0},"backgroundColor":"rgba(105, 180, 69, 1)","backgroundImageUri":"/13738016660194724991/N93ab4669-4ae1-471f-9098-bef0177bb3cc-logoSmallFile","displayName":"NWT Events","description":"NewWave Events ","commitMessage":"","appUris":{"documentUri":{"value":"/13738016660194724991/N0a03c12e-b405-4c90-862b-e66aded7d826-document.msapp","readonlyValue":"/13738016660194724991/N0a03c12e-b405-4c90-862b-e66aded7d826-document.msapp"},"imageUris":[]},"createdTime":"0001-01-01T00:00:00Z","lastModifiedTime":"0001-01-01T00:00:00Z","sharedGroupsCount":0,"sharedUsersCount":0,"icons":{"smallIconUri":"/13738016660194724991/N1ae00b99-21f3-4753-a763-18df68b36e33-small.png","mediumIconUri":"/13738016660194724991/N6c143f19-e337-41e8-b9d8-97ea3cd9949a-medium.png","largeIconUri":"/13738016660194724991/N19f597a9-dd72-4209-b081-eba3ff6ad7ef-large.png","wideIconUri":"/13738016660194724991/N86830fa2-092a-409d-8ff4-f68fc512c159-wide.png"},"connectionReferences":{"31d7b3ab-cd32-4f3d-92b6-60082e70f06a":{"id":"cab1eb07-5f0a-4b3a-89ae-4cfa8d41dd8f","displayName":"Office 365 Outlook","iconUri":"https://connectoricons-prod.azureedge.net/office365/icon_1.0.1254.1705.png","dataSources":["Office365"],"dependencies":[],"dependents":[],"parameterHints":{},"isOnPremiseConnection":false,"bypassConsent":true,"dataSets":{},"apiTier":"Standard","isCustomApiConnection":false},"4ec44063-70c5-47e7-9486-d8639582a735":{"id":"63e9fd69-3393-4cce-a86b-5d5f8a4d69d2","displayName":"SharePoint","iconUri":"https://connectoricons-prod.azureedge.net/sharepointonline/icon_1.0.1234.1648.png","dataSources":["Events","Event Registration"],"dependencies":[],"dependents":[],"parameterHints":{},"isOnPremiseConnection":false,"bypassConsent":true,"dataSets":{"https://newwavetechnologies.sharepoint.com/sites/NWTDemo2/":{"dataSources":{"Events":{"tableName":"Events"}}},"https://newwavetechnologies.sharepoint.com/sites/NWTDemo2":{"dataSources":{"Event Registration":{"tableName":"48d6fd12-3cec-4c32-9cea-7e53447b5445"}}}},"apiTier":"Standard","isCustomApiConnection":false}},"databaseReferences":{},"almMode":"Environment"},"appComponents":[]}}